{"train/box_loss": 1.87849, "train/cls_loss": 4.71379, "train/dfl_loss": 1.00756, "_timestamp": 1704172574.312064, "lr/pg0": 0.00048656400000000004, "lr/pg1": 0.00048656400000000004, "lr/pg2": 0.00048656400000000004, "metrics/precision(B)": 0.0, "metrics/recall(B)": 0.0, "metrics/mAP50(B)": 0.0, "metrics/mAP50-95(B)": 0.0, "val/box_loss": 0.0, "val/cls_loss": 7.82847, "val/dfl_loss": 0.0, "labels": {"_type": "image-file", "sha256": "b88070ea3090763481a592d2e8d85dc8faaebe6b73b6fb7deae6e7cb91af5b22", "size": 74927, "path": "media/images/labels_1_b88070ea3090763481a5.jpg", "format": "jpg", "width": 1600, "height": 1600}, "train_batch0": {"_type": "image-file", "sha256": "dba41dfacc15d6cd7fc4b0c9105f7590ec527ef546918ef2b2e5c5f5761c634a", "size": 173642, "path": "media/images/train_batch0_1_dba41dfacc15d6cd7fc4.jpg", "format": "jpg", "width": 1920, "height": 1920}, "train_batch1": {"_type": "image-file", "sha256": "f952dda44bf00f788cd9f351c931836bcd83ffaaf02b32d6df76fc3d2ebb9605", "size": 183596, "path": "media/images/train_batch1_1_f952dda44bf00f788cd9.jpg", "format": "jpg", "width": 1920, "height": 1920}, "model/parameters": 3011043, "model/GFLOPs": 8.194, "model/speed_PyTorch(ms)": 110.14, "_runtime": 83.67605996131897, "_step": 20, "train_batch2": {"_type": "image-file", "sha256": "48b9fdb2771e9e84854c91c88562dc600e23d37459e2dc3a645cc619abc1158b", "size": 175270, "path": "media/images/train_batch2_2_48b9fdb2771e9e84854c.jpg", "format": "jpg", "width": 1920, "height": 1920}, "_wandb": {"runtime": 85}}